Name,cs_group,Category,Location,latitude,longitude
AH01,-,House,Altenahr,50.516055,6.989928333333333
AH02_A,A,House,Altenahr,50.51611333333334,6.98854
AH03_A,A,House,Altenahr,50.51616833333333,6.988165
AH04_A,A,House,Altenahr,50.51619,6.9880683333333335
AH05,-,House,Altenahr,50.516351666666665,6.987686666666667
AH06,-,House,Altenahr,50.51580166666667,6.986796666666667
AH07_B,B,House,Altenahr,50.515658333333334,6.98524
AH08_B,B,House,Altenahr,50.515723333333334,6.985106666666667
AH09,-,House,Altenahr,50.51575666666667,6.98453
AH10,-,House,Altenahr,50.516315,6.984723333333333
AH11,-,House,Altenahr,50.51649666666667,6.984666666666667
AH12,-,House,Altenahr,50.516708333333334,6.985085
AH13,-,House,Altenahr,50.51663833333333,6.985293333333333
AH14_C,C,House,Altenahr,50.51689666666667,6.986295
AH15_C,C,House,Altenahr,50.516976666666665,6.986295
AM01,-,Misc,Altenahr,50.51667,6.993938333333333
AM02,-,Misc,Altenahr,50.51649666666667,6.993706666666666
AM03,-,Misc,Altenahr,50.51650166666667,6.993575
AM04,-,Misc,Altenahr,50.51683833333333,6.99328
AM05,-,Misc,Altenahr,50.51653,6.989575
AM06,-,Misc,Altenahr,50.515875,6.987025
AM07,-,Misc,Altenahr,50.516931666666665,6.986376666666667
AM08,-,Misc,Altenahr,50.516931666666665,6.986376666666667
AM09,-,Misc,Altenahr,50.516931666666665,6.986376666666667
AM10,-,Misc,Altenahr,50.516931666666665,6.986376666666667
AM11,-,Misc,Altenahr,50.516958333333335,6.98635
AM12,-,Misc,Altenahr,50.516315,6.984723333333333
AM13,-,Misc,Altenahr,50.51575666666667,6.98453
AW1,-,Watermark,Altenahr,50.516848333333336,6.992538333333333
AW2,-,Watermark,Altenahr,50.51644,6.987228333333333
AW3,-,Watermark,Altenahr,50.51651666666667,6.987151666666667
AW4,-,Watermark,Altenahr,50.516951666666664,6.9863
AW5,-,Watermark,Altenahr,50.516556666666666,6.98602
BH01,-,House,Brück,50.486385,6.971208333333333
BH02,-,House,Brück,50.48602833333333,6.97096
BH03,-,House,Brück,50.48602833333333,6.97096
BH04,-,House,Brück,50.48595666666667,6.970913333333334
BH05,-,House,Brück,50.48585,6.970983333333333
BH06,-,House,Brück,50.485753333333335,6.971031666666667
BH07,-,House,Brück,50.486016666666664,6.972036666666667
BH08,-,House,Brück,50.485035,6.972638333333333
BH09_A,A,House,Brück,50.483295,6.972515
BH10_A,A,House,Brück,50.48321833333333,6.972391666666667
BH11_A,A,House,Brück,50.483223333333335,6.972368333333334
BH12_A,A,House,Brück,50.48316666666667,6.972405
BH13_A,A,House,Brück,50.483151666666664,6.972406666666666
BH14_A,A,House,Brück,50.48315,6.972461666666667
BH15_A,A,House,Brück,50.48312333333333,6.972353333333333
BH16_A,A,House,Brück,50.48318166666667,6.972228333333334
BH17_A,A,House,Brück,50.483133333333335,6.972638333333333
BH18,-,House,Brück,50.48305166666667,6.971756666666667
BH19_B,B,House,Brück,50.482888333333335,6.971568333333334
BH20_B,B,House,Brück,50.48303333333333,6.971335
BH21_B,B,House,Brück,50.48260833333333,6.971806666666667
BH22,-,House,Brück,50.48252166666666,6.971185
BH23,-,House,Brück,50.482593333333334,6.970938333333334
BH24_C,C,House,Brück,50.48297,6.971363333333334
BH25_C,C,House,Brück,50.483065,6.971113333333333
BH26,-,House,Brück,50.483288333333334,6.971698333333333
BM1,-,Misc,Brück,50.48637333333333,6.97121
BM2,-,Misc,Brück,50.485933333333335,6.97198
BM3,-,Misc,Brück,50.483578333333334,6.972086666666667
BM4,-,Misc,Brück,50.483203333333336,6.9724466666666665
BM5,-,Misc,Brück,50.48301166666667,6.971683333333333
BM6,-,Misc,Brück,50.482595,6.971808333333334
BM7,-,Misc,Brück,50.482665,6.970935
BW1,-,Watermark,Brück,50.48310166666667,6.972511666666667
BW2,-,Watermark,Brück,50.48542,6.97146
BW3,-,Watermark,Brück,50.48594666666666,6.971963333333333
BW4,-,Watermark,Brück,50.48597,6.9719283333333335
BW5,-,Watermark,Brück,50.48631,6.971
BW6,-,Watermark,Brück,50.48605666666667,6.97042
BW7,-,Watermark,Brück,50.48602666666667,6.970448333333334
BW8,-,Watermark,Brück,50.48600666666667,6.970316666666667
DH01,-,House,Dernau,50.52858333333333,7.04071
DH02_A,A,House,Dernau,50.53364,7.054086666666667
DH03_A,A,House,Dernau,50.533725,7.054186666666666
DH04_A,A,House,Dernau,50.53376,7.054185
DH05_A,A,House,Dernau,50.533791666666666,7.0541366666666665
DH06_A,A,House,Dernau,50.533818333333336,7.05415
DH07_A,A,House,Dernau,50.53375666666667,7.054098333333333
DH08_A,A,House,Dernau,50.53375166666667,7.054318333333334
DH09_A,A,House,Dernau,50.53375166666667,7.054318333333334
DH10_A,A,House,Dernau,50.53364833333333,7.054336666666667
DH11_A,A,House,Dernau,50.53365333333333,7.0544883333333335
DH12_A,A,House,Dernau,50.533471666666664,7.054281666666666
DH13_A,A,House,Dernau,50.533471666666664,7.054281666666666
DH14_A,A,House,Dernau,50.533946666666665,7.054163333333333
DH15_A,A,House,Dernau,50.533946666666665,7.054163333333333
DH16,-,House,Dernau,50.533831666666664,7.054881666666667
DH17_B,B,House,Dernau,50.53444833333333,7.055715
DH18_B,B,House,Dernau,50.534485,7.055726666666667
DH19_B,B,House,Dernau,50.53449,7.055926666666666
DH20_C,C,House,Dernau,50.53456666666666,7.055936666666667
DH21_C,C,House,Dernau,50.534605,7.055958333333333
DH22_C,C,House,Dernau,50.534405,7.056143333333333
DH23_D,D,House,Dernau,50.534985,7.056461666666666
DH24_D,D,House,Dernau,50.53508333333333,7.05705
DH25_D,D,House,Dernau,50.53508333333333,7.05705
DH26_E,E,House,Dernau,50.535601666666665,7.05706
DH27_E,E,House,Dernau,50.535601666666665,7.05706
DH28_E,E,House,Dernau,50.53561666666667,7.0569983333333335
DH29_E,E,House,Dernau,50.53564,7.05692
DH30_E,E,House,Dernau,50.53570666666667,7.057128333333333
DH31_E,E,House,Dernau,50.5357,7.057248333333333
DH32,-,House,Dernau,50.532380555555555,7.065713888888888
DH33,-,House,Dernau,50.53241666666666,7.0657499999999995
DH34,-,House,Dernau,50.53245277777778,7.065786111111111
DH35_F,F,House,Dernau,50.53247222222222,7.0658055555555555
DH36_F,F,House,Dernau,50.53247222222222,7.0658055555555555
DH37_F,F,House,Dernau,50.53247222222222,7.0658055555555555
DH38_F,F,House,Dernau,50.53266388888889,7.065997222222222
DH39_F,F,House,Dernau,50.53266388888889,7.065997222222222
DH40_F,F,House,Dernau,50.53266388888889,7.065997222222222
DH41_F,F,House,Dernau,50.53268333333333,7.066016666666666
DH42,-,House,Dernau,50.53266388888889,7.065997222222222
DH43_G,G,House,Dernau,50.53266111111111,7.065994444444445
DH44_G,G,House,Dernau,50.53264444444444,7.0659777777777775
DH45_G,G,House,Dernau,50.53258888888889,7.065922222222222
DH46_G,G,House,Dernau,50.53274444444445,7.066077777777777
DH47_H,H,House,Dernau,50.53275277777778,7.066086111111111
DH48_H,H,House,Dernau,50.53275277777778,7.066086111111111
DH49_H,H,House,Dernau,50.53286388888889,7.066197222222222
DH50_H,H,House,Dernau,50.53286388888889,7.066197222222222
DH51_H,H,House,Dernau,50.53286388888889,7.066197222222222
DH52_H,H,House,Dernau,50.53299722222222,7.066330555555555
DH53_H,H,House,Dernau,50.53299722222222,7.066330555555555
DH54,-,House,Dernau,50.532802777777775,7.066136111111111
DH55,-,House,Dernau,50.53276111111111,7.0660944444444445
DH56_A,A,House,Dernau,50.533767,7.054448
DH57_A,A,House,Dernau,50.533767,7.054448
DH58_A,A,House,Dernau,50.533767,7.054448
DM01,-,Misc,Dernau,50.528391666666664,7.040691666666667
DM02,-,Misc,Dernau,50.529605,7.041045
DM03,-,Misc,Dernau,50.531256666666664,7.042058333333333
DM04,-,Misc,Dernau,50.53387166666667,7.054135
DM05,-,Misc,Dernau,50.53500833333333,7.057688333333333
DM06,-,Misc,Dernau,50.535668333333334,7.057173333333333
DM07,-,Misc,Dernau,50.53237222222222,7.065705555555556
DM08,-,Misc,Dernau,50.532380555555555,7.065713888888888
DM09,-,Misc,Dernau,50.532441666666664,7.0657749999999995
DM10,-,Misc,Dernau,50.532444444444444,7.065777777777778
DM11,-,Misc,Dernau,50.53247222222222,7.0658055555555555
DM12,-,Misc,Dernau,50.532647222222224,7.065980555555555
DM13,-,Misc,Dernau,50.532694444444445,7.066027777777777
DM14,-,Misc,Dernau,50.532694444444445,7.066027777777777
DM15,-,Misc,Dernau,50.5327,7.066033333333333
DM16,-,Misc,Dernau,50.5327,7.066033333333333
DM17,-,Misc,Dernau,50.5327,7.066033333333333
DM18,-,Misc,Dernau,50.53274722222222,7.066080555555556
DM19,-,Misc,Dernau,50.53165555555555,7.064988888888888
DM20,,Misc,Dernau,50.53387167,7.054135
DM21_A,A,Misc,Dernau,50.533767,7.054448
DS01,,Scour,Dernau,50.532564,7.062555
DS02_D,D,Scour,Dernau,50.53503639,7.057265
DS03_B,B,Scour,Dernau,50.53476948,7.056537
DW1,-,Watermark,Dernau,50.53570666666667,7.057128333333333
DW2,-,Watermark,Dernau,50.53233,7.042701666666667
DW3,-,Watermark,Dernau,50.52967,7.041035
DW4,-,Watermark,Dernau,50.52914166666667,7.040723333333333
DW5,,Watermark,Dernau,50.532327,7.06505
DW6,,Watermark,Dernau,50.53275278,7.066086111
IH01,-,House,Insul,50.441786666666665,6.91645
IH02,-,House,Insul,50.442155,6.916311666666667
IH03_A,A,House,Insul,50.441941666666665,6.915541666666667
IH04_A,A,House,Insul,50.44199,6.915478333333334
IH05_A,A,House,Insul,50.44194666666667,6.915358333333334
IH06_A,A,House,Insul,50.44194666666667,6.915358333333334
IH07_A,A,House,Insul,50.441945,6.915355
IH08_A,A,House,Insul,50.44192,6.915205
IH09_A,A,House,Insul,50.44192,6.915205
IH10_A,A,House,Insul,50.44192833333334,6.915193333333333
IH11_A,A,House,Insul,50.44195333333333,6.915171666666667
IH12_A,A,House,Insul,50.441963333333334,6.915158333333333
IH13_A,A,House,Insul,50.441963333333334,6.915158333333333
IH14_A,A,House,Insul,50.44200333333333,6.91517
IH15_A,A,House,Insul,50.44204166666667,6.915055
IH16_A,A,House,Insul,50.44202666666666,6.915031666666667
IH17,-,House,Insul,50.44228666666667,6.9152450000000005
IH18,-,House,Insul,50.44234,6.91536
IH19,-,House,Insul,50.442393333333335,6.9152450000000005
IH20,-,House,Insul,50.44233,6.914291666666667
IH21_B,B,House,Insul,50.44210833333333,6.914176666666666
IH22_B,B,House,Insul,50.44210833333333,6.914176666666666
IH23_B,B,House,Insul,50.442481666666666,6.9137699999999995
IH24_B,B,House,Insul,50.44248,6.913725
IH25_B,B,House,Insul,50.44255,6.913841666666666
IH26_B,B,House,Insul,50.44255,6.913841666666666
IH27,-,House,Insul,50.442515,6.913751666666666
IH28_C,C,House,Insul,50.44246166666667,6.913261666666667
IH29_C,C,House,Insul,50.44240333333333,6.913163333333333
IH30_C,C,House,Insul,50.44236,6.913241666666667
IH31_C,C,House,Insul,50.442321666666665,6.913166666666667
IH32_C,C,House,Insul,50.44229333333333,6.9131366666666665
IH33_C,C,House,Insul,50.44236166666666,6.913033333333333
IH34_C,C,House,Insul,50.44236166666666,6.913033333333333
IH35,-,House,Insul,50.44235,6.913193333333333
IM1,-,Misc,Insul,50.44266666666667,6.91541
IM2,-,Misc,Insul,50.442553333333336,6.915306666666667
IM3,-,Misc,Insul,50.442435,6.91524
IM4,-,Misc,Insul,50.441986666666665,6.914558333333334
IM5,-,Misc,Insul,50.44240666666666,6.913181666666667
IM6,-,Misc,Insul,50.442393333333335,6.91314
IM7,-,Misc,Insul,50.44246666666667,6.913215
IW1,-,Watermark,Insul,50.441703333333336,6.916655
IW2,-,Watermark,Insul,50.44186666666667,6.915453333333334
IW3,-,Watermark,Insul,50.44186333333333,6.915358333333334
IW4,-,Watermark,Insul,50.441961666666664,6.915381666666667
IW5,-,Watermark,Insul,50.44234333333333,6.915396666666666
IW6,-,Watermark,Insul,50.442613333333334,6.915896666666667
IW7,,Watermark,Insul,50.44248,6.913725
IW8,,Watermark,Insul,50.44234333,6.915396667
IW9,,Watermark,Insul,50.44234333,6.915396667
KH01,-,House,Kreuzberg & Altenburg,50.509146666666666,6.9764083333333335
KH02,-,House,Kreuzberg & Altenburg,50.50969,6.977741666666667
KH03,-,House,Kreuzberg & Altenburg,50.50987166666667,6.977948333333334
KH04,-,House,Kreuzberg & Altenburg,50.51081,6.978433333333333
KH05,-,House,Kreuzberg & Altenburg,50.508235,6.977525
KH06,-,House,Kreuzberg & Altenburg,50.50807666666667,6.97777
KH07,-,House,Kreuzberg & Altenburg,50.51184333333333,6.982568333333333
KH10,-,House,Kreuzberg & Altenburg,50.511115,6.984953333333333
KH11,-,House,Kreuzberg & Altenburg,50.51111,6.984981666666666
KH12,-,House,Kreuzberg & Altenburg,50.51111,6.984981666666666
KH13,-,House,Kreuzberg & Altenburg,50.51058166666667,6.986643333333333
KH14,-,House,Kreuzberg & Altenburg,50.51047166666667,6.986635
KH15,-,House,Kreuzberg & Altenburg,50.511426666666665,6.987305
KH16,-,House,Kreuzberg & Altenburg,50.51134,6.987783333333334
KM01,-,Misc,Kreuzberg & Altenburg,50.51091666666667,6.9865433333333335
KM02,-,Misc,Kreuzberg & Altenburg,50.511,6.978688333333333
KM03,-,Misc,Kreuzberg & Altenburg,50.51067,6.978436666666667
KM04,-,Misc,Kreuzberg & Altenburg,50.50934,6.978416666666667
KM05,-,Misc,Kreuzberg & Altenburg,50.50931833333333,6.978468333333334
KM06,-,Misc,Kreuzberg & Altenburg,50.50949833333333,6.977191666666666
KM07,-,Misc,Kreuzberg & Altenburg,50.50911833333333,6.977016666666667
KM08,-,Misc,Kreuzberg & Altenburg,50.50967166666667,6.976165
KM09,-,Misc,Kreuzberg & Altenburg,50.50969333333333,6.976196666666667
KM10,-,Misc,Kreuzberg & Altenburg,50.50969333333333,6.976196666666667
KM11,-,Misc,Kreuzberg & Altenburg,50.508113333333334,6.976495
KS01,,Scour,Kreuzberg,50.5106389,6.979071
KW1,-,Watermark,Kreuzberg & Altenburg,50.50676166666667,6.9779116666666665
KW10,,Watermark,Kreuzberg,50.5104764309734,6.97847062743111
KW11,,Watermark,Kreuzberg,50.510231155158,6.97766901523465
KW2,-,Watermark,Kreuzberg & Altenburg,50.50985333333333,6.9758933333333335
KW3,-,Watermark,Kreuzberg & Altenburg,50.51076,6.97834
KW4,-,Watermark,Kreuzberg & Altenburg,50.51112166666667,6.985003333333333
KW5,-,Watermark,Kreuzberg & Altenburg,50.51181833333333,6.989153333333333
KW6,-,Watermark,Kreuzberg & Altenburg,50.511875,6.989133333333333
KW7,,Watermark,Altenburg,50.5120626389254,6.98820446542554
KW8,,Watermark,Altenburg,50.5117921703396,6.98261494874713
KW9,,Watermark,Altenburg,50.5117921703396,6.98261494874713
LH08_A,A,House,Kreuzberg & Altenburg,50.511916666666664,6.98257
LH09_A,A,House,Kreuzberg & Altenburg,50.512,6.982695
MH1,-,House,Mayschoß,50.517736666666664,7.01901
MH2_A,A,House,Mayschoß,50.51836,7.020508333333333
MH3_A,A,House,Mayschoß,50.518395,7.020858333333333
MH4_A,A,House,Mayschoß,50.51859666666667,7.020876666666667
MH5_A,A,House,Mayschoß,50.51859666666667,7.020876666666667
MH6,-,House,Mayschoß,50.51857,7.020858333333333
MH7,-,House,Mayschoß,50.518635,7.02095
MH8,-,House,Mayschoß,50.52012,7.020605
MH9,-,House,Mayschoß,50.520165,7.020593333333333
MS01,,Scour,Mayschoß,50.5186177753928,7.02122474239656
MW1,,Watermark,Mayschoß,50.5178784940804,7.01932016043719
MW1,,Watermark,Mayschoß,50.5178784940804,7.01932016043719
MW2,,Watermark,Mayschoß,50.5196582365503,7.02095481030437
RH1,-,House,Rech,50.51432166666667,7.036785
RH2,-,House,Rech,50.51430333333333,7.036335
RH3,-,House,Rech,50.514376666666664,7.0362816666666665
RM1,-,Misc,Rech,50.51432166666667,7.036785
SH01_A,A,House,Schuld,50.446131666666666,6.883606666666667
SH02_A,A,House,Schuld,50.446015,6.883958333333333
SH03,-,House,Schuld,50.44600833333333,6.884805
SH04_B,B,House,Schuld,50.44602666666667,6.884825
SH05_B,B,House,Schuld,50.44616,6.88497
SH06,-,House,Schuld,50.445818333333335,6.884923333333333
SH07,-,House,Schuld,50.445735,6.8849350000000005
SH08,-,House,Schuld,50.44573,6.884991666666666
SH09,-,House,Schuld,50.44589333333333,6.885571666666666
SH10,-,House,Schuld,50.44589333333333,6.885571666666666
SH11,-,House,Schuld,50.44596333333333,6.886031666666667
SH12,-,House,Schuld,50.445995,6.886041666666666
SH13,-,House,Schuld,50.445908333333335,6.886538333333333
SH14_C,C,House,Schuld,50.446106666666665,6.886838333333333
SH15_C,C,House,Schuld,50.446106666666665,6.886838333333333
SH16_C,C,House,Schuld,50.446106666666665,6.886838333333333
SH17_C,C,House,Schuld,50.446106666666665,6.886838333333333
SH18_C,C,House,Schuld,50.446373333333334,6.886595
SH19_C,C,House,Schuld,50.446466666666666,6.8866499999999995
SH20_D,D,House,Schuld,50.446691666666666,6.886398333333333
SH21_D,D,House,Schuld,50.44670833333333,6.886376666666667
SH22_D,D,House,Schuld,50.44672166666667,6.886408333333334
SH23_D,D,House,Schuld,50.44672333333333,6.886323333333333
SH24_D,D,House,Schuld,50.44678666666667,6.886365
SH25_D,D,House,Schuld,50.44678666666667,6.886365
SH26_D,D,House,Schuld,50.446765,6.886511666666666
SH27_D,D,House,Schuld,50.446753333333334,6.886511666666666
SH28_D,D,House,Schuld,50.44680666666667,6.886565
SH29_E,E,House,Schuld,50.446805,6.886368333333333
SH30_E,E,House,Schuld,50.44678,6.886368333333333
SH31_E,E,House,Schuld,50.44667,6.886281666666667
SH32_E,E,House,Schuld,50.44667,6.886281666666667
SH33_E,E,House,Schuld,50.44665666666667,6.886246666666667
SH34_E,E,House,Schuld,50.44663333333333,6.886235
SH35_E,E,House,Schuld,50.44663333333333,6.886278333333333
SH36,-,House,Schuld,50.446805,6.886368333333333
SH37,-,House,Schuld,50.44692166666667,6.886441666666666
SM01,-,Misc,Schuld,50.44782,6.886655
SM02,-,Misc,Schuld,50.44667166666667,6.88616
SM03,-,Misc,Schuld,50.44667166666667,6.88616
SM04,-,Misc,Schuld,50.44613,6.8854
SM05,-,Misc,Schuld,50.445638333333335,6.884785
SM06,-,Misc,Schuld,50.445745,6.884245
SM07,-,Misc,Schuld,50.44571666666667,6.8841833333333335
SM08,-,Misc,Schuld,50.446015,6.884225
SM09,-,Misc,Schuld,50.446015,6.884225
SM10,-,Misc,Schuld,50.446015,6.884225
SM11,-,Misc,Schuld,50.44613,6.888075
SM12,-,Misc,Schuld,50.44613,6.888075
SM13,-,Misc,Schuld,50.44615,6.888251666666667
SS01,-,Scour,Schuld,50.44665785,6.886958
SS02,-,Scour,Schuld,50.446171,6.887874
SW1,-,Watermark,Schuld,50.44857833333333,6.885725
SW2,-,Watermark,Schuld,50.44689,6.88646
SW3,-,Watermark,Schuld,50.446835,6.886705
SW4,-,Watermark,Schuld,50.446106666666665,6.886838333333333
SW5,-,Watermark,Schuld,50.44589333333333,6.885571666666666
SW6,-,Watermark,Schuld,50.44598333333333,6.885371666666667
SW7,-,Watermark,Schuld,50.446015,6.884225
SW8,-,Watermark,Schuld,50.446015,6.884225
SW9,-,Watermark,Schuld,50.446835,6.886705
